{
    "fix_points": 7,
    "fast_forward": 1.8515151515151516,
    "fix_points_per_gram": [
        4,
        2,
        1
    ]
}
{
    "fix_points": 6,
    "fast_forward": 1.9000000000000001,
    "fix_points_per_gram": [
        2,
        3,
        1
    ]
}
{
    "fix_points": 8,
    "fast_forward": 1.707070707070707,
    "fix_points_per_gram": [
        4,
        4,
        0
    ]
}
{
    "fix_points": 8,
    "fast_forward": 1.7619047619047619,
    "fix_points_per_gram": [
        5,
        3,
        0
    ]
}
{
    "fix_points": 7,
    "fast_forward": 1.8111111111111111,
    "fix_points_per_gram": [
        3,
        3,
        1
    ]
}
{
    "fix_points": 10,
    "fast_forward": 1.8148148148148149,
    "fix_points_per_gram": [
        6,
        4,
        0
    ]
}
{
    "fix_points": 4,
    "fast_forward": 1.6814814814814814,
    "fix_points_per_gram": [
        2,
        1,
        1
    ]
}
{
    "fix_points": 7,
    "fast_forward": 1.984848484848485,
    "fix_points_per_gram": [
        3,
        3,
        1
    ]
}
{
    "fix_points": 8,
    "fast_forward": 1.8515151515151516,
    "fix_points_per_gram": [
        4,
        3,
        1
    ]
}
{
    "fix_points": 6,
    "fast_forward": 1.5737373737373739,
    "fix_points_per_gram": [
        3,
        3,
        0
    ]
}
{
    "fix_points": 6,
    "fast_forward": 1.7407407407407407,
    "fix_points_per_gram": [
        3,
        3,
        0
    ]
}
{
    "fix_points": 8,
    "fast_forward": 2.1666666666666665,
    "fix_points_per_gram": [
        2,
        5,
        1
    ]
}
{
    "fix_points": 4,
    "fast_forward": 1.5737373737373739,
    "fix_points_per_gram": [
        2,
        2,
        0
    ]
}
{
    "fix_points": 7,
    "fast_forward": 1.632996632996633,
    "fix_points_per_gram": [
        4,
        3,
        0
    ]
}
{
    "fix_points": 7,
    "fast_forward": 1.984848484848485,
    "fix_points_per_gram": [
        3,
        4,
        0
    ]
}
{
    "fix_points": 6,
    "fast_forward": 1.9592592592592595,
    "fix_points_per_gram": [
        4,
        2,
        0
    ]
}
{
    "fix_points": 7,
    "fast_forward": 1.6222222222222225,
    "fix_points_per_gram": [
        4,
        3,
        0
    ]
}
{
    "fix_points": 5,
    "fast_forward": 1.722222222222222,
    "fix_points_per_gram": [
        2,
        2,
        1
    ]
}
{
    "fix_points": 5,
    "fast_forward": 2.684848484848485,
    "fix_points_per_gram": [
        2,
        3,
        0
    ]
}
{
    "fix_points": 5,
    "fast_forward": 1.7284382284382283,
    "fix_points_per_gram": [
        2,
        1,
        2
    ]
}
{
    "fix_points": 7,
    "fast_forward": 1.9592592592592595,
    "fix_points_per_gram": [
        3,
        2,
        2
    ]
}
{
    "fix_points": 5,
    "fast_forward": 1.9000000000000001,
    "fix_points_per_gram": [
        2,
        2,
        1
    ]
}
{
    "fix_points": 5,
    "fast_forward": 1.776923076923077,
    "fix_points_per_gram": [
        2,
        2,
        1
    ]
}
{
    "fix_points": 10,
    "fast_forward": 2.1666666666666665,
    "fix_points_per_gram": [
        5,
        5,
        0
    ]
}
{
    "fix_points": 9,
    "fast_forward": 3.095238095238095,
    "fix_points_per_gram": [
        5,
        4,
        0
    ]
}
{
    "fix_points": 10,
    "fast_forward": 3.095238095238095,
    "fix_points_per_gram": [
        7,
        3,
        0
    ]
}
{
    "fix_points": 6,
    "fast_forward": 1.9107744107744107,
    "fix_points_per_gram": [
        3,
        2,
        1
    ]
}
{
    "fix_points": 6,
    "fast_forward": 1.5252525252525253,
    "fix_points_per_gram": [
        3,
        3,
        0
    ]
}
{
    "fix_points": 8,
    "fast_forward": 1.9444444444444444,
    "fix_points_per_gram": [
        4,
        2,
        2
    ]
}
{
    "fix_points": 13,
    "fast_forward": 2.1666666666666665,
    "fix_points_per_gram": [
        7,
        4,
        2
    ]
}
{
    "fix_points": 9,
    "fast_forward": 2.261904761904762,
    "fix_points_per_gram": [
        4,
        3,
        2
    ]
}
{
    "fix_points": 8,
    "fast_forward": 2.187830687830688,
    "fix_points_per_gram": [
        3,
        4,
        1
    ]
}
{
    "fix_points": 7,
    "fast_forward": 2.1666666666666665,
    "fix_points_per_gram": [
        3,
        3,
        1
    ]
}
{
    "fix_points": 11,
    "fast_forward": 2.187830687830688,
    "fix_points_per_gram": [
        6,
        4,
        1
    ]
}
{
    "fix_points": 7,
    "fast_forward": 2.0925925925925926,
    "fix_points_per_gram": [
        4,
        3,
        0
    ]
}
{
    "fix_points": 6,
    "fast_forward": 1.8361823361823362,
    "fix_points_per_gram": [
        2,
        3,
        1
    ]
}
{
    "fix_points": 10,
    "fast_forward": 2.261904761904762,
    "fix_points_per_gram": [
        4,
        4,
        2
    ]
}
{
    "fix_points": 10,
    "fast_forward": 2.261904761904762,
    "fix_points_per_gram": [
        6,
        3,
        1
    ]
}
{
    "fix_points": 10,
    "fast_forward": 2.0925925925925926,
    "fix_points_per_gram": [
        4,
        5,
        1
    ]
}
{
    "fix_points": 5,
    "fast_forward": 1.8515151515151516,
    "fix_points_per_gram": [
        2,
        2,
        1
    ]
}
{
    "fix_points": 8,
    "fast_forward": 2.033333333333333,
    "fix_points_per_gram": [
        2,
        5,
        1
    ]
}
{
    "fix_points": 6,
    "fast_forward": 1.8703703703703702,
    "fix_points_per_gram": [
        3,
        2,
        1
    ]
}
{
    "fix_points": 6,
    "fast_forward": 1.7626262626262628,
    "fix_points_per_gram": [
        4,
        2,
        0
    ]
}
{
    "fix_points": 7,
    "fast_forward": 1.9107744107744107,
    "fix_points_per_gram": [
        3,
        3,
        1
    ]
}
{
    "fix_points": 6,
    "fast_forward": 1.6324786324786327,
    "fix_points_per_gram": [
        4,
        2,
        0
    ]
}
{
    "fix_points": 5,
    "fast_forward": 1.9000000000000001,
    "fix_points_per_gram": [
        3,
        1,
        1
    ]
}
{
    "fix_points": 9,
    "fast_forward": 1.9000000000000001,
    "fix_points_per_gram": [
        3,
        4,
        2
    ]
}
{
    "fix_points": 6,
    "fast_forward": 1.803030303030303,
    "fix_points_per_gram": [
        2,
        3,
        1
    ]
}
{
    "fix_points": 7,
    "fast_forward": 1.8515151515151516,
    "fix_points_per_gram": [
        2,
        3,
        2
    ]
}
{
    "fix_points": 10,
    "fast_forward": 2.0396825396825395,
    "fix_points_per_gram": [
        3,
        6,
        1
    ]
}
{
    "fix_points": 9,
    "fast_forward": 2.261904761904762,
    "fix_points_per_gram": [
        5,
        3,
        1
    ]
}
{
    "fix_points": 7,
    "fast_forward": 1.9592592592592595,
    "fix_points_per_gram": [
        4,
        2,
        1
    ]
}
{
    "fix_points": 7,
    "fast_forward": 1.9444444444444444,
    "fix_points_per_gram": [
        2,
        4,
        1
    ]
}
{
    "fix_points": 9,
    "fast_forward": 1.8515151515151516,
    "fix_points_per_gram": [
        4,
        4,
        1
    ]
}
{
    "fix_points": 8,
    "fast_forward": 1.984848484848485,
    "fix_points_per_gram": [
        2,
        5,
        1
    ]
}
{
    "fix_points": 11,
    "fast_forward": 2.033333333333333,
    "fix_points_per_gram": [
        4,
        6,
        1
    ]
}
{
    "fix_points": 9,
    "fast_forward": 2.3848484848484848,
    "fix_points_per_gram": [
        5,
        2,
        2
    ]
}
{
    "fix_points": 7,
    "fast_forward": 1.722222222222222,
    "fix_points_per_gram": [
        3,
        3,
        1
    ]
}
{
    "fix_points": 7,
    "fast_forward": 1.9000000000000001,
    "fix_points_per_gram": [
        3,
        2,
        2
    ]
}
{
    "fix_points": 7,
    "fast_forward": 1.9000000000000001,
    "fix_points_per_gram": [
        3,
        3,
        1
    ]
}
{
    "fix_points": 10,
    "fast_forward": 1.7555555555555555,