{
    "fix_points": [
        8,
        6
    ],
    "fast_forward": [
        2.033333333333333,
        2.0185185185185186
    ],
    "fix_points_per_gram": [
        4,
        2,
        2,
        2,
        3,
        1
    ]
}